,write_time_total,write_time_avg,write_throughput,read_time_total,read_time_avg,read_throughput,n_workers,n_samples,file_size
0,46.23431658744812,0.44793962001800536,2214.8050962604684,89.25385403633118,0.8684956979751587,1147.2893927730854,1,100,1024
1,24.42787790298462,0.44223427295684814,4191.931874175967,44.45473837852478,0.8669625902175904,2303.4664860263233,2,100,1024
2,12.581456184387207,0.44084146738052365,8138.962493631853,22.68247127532959,0.8622567677497863,4514.499269370818,4,100,1024
3,9.469693422317505,0.5054435634613037,10813.444050751517,18.124016523361206,1.0052810382843018,5649.961743745383,6,100,1024
4,10.444501638412476,0.6980082273483277,9804.201631162214,17.60442876815796,1.2992843985557556,5816.7181309067055,8,100,1024
5,9.479719161987305,0.8214670777320862,10802.007765231425,17.996142864227295,1.673157889842987,5690.108195548423,10,100,1024
6,10.035027027130127,0.9965824007987976,10204.25751950216,18.66191029548645,2.0417888140678406,5487.112432684148,12,100,1024
