,write_time_total,write_time_avg,write_throughput,read_time_total,read_time_avg,read_throughput,n_workers,n_samples,file_size
0,60.08187556266785,0.5959248280525208,1704.3409354488713,120.70065355300903,1.201761236190796,848.3798304789477,1,100,1024
1,30.30526065826416,0.5905408263206482,3378.9513033630947,56.09346890449524,1.0979151582717896,1825.5244683538162,2,100,1024
2,14.64008903503418,0.5483309984207153,6994.4929812211985,28.568758487701416,1.0959585857391358,3584.3349666063455,4,100,1024
3,11.710502624511719,0.632398087978363,8744.287353274016,21.63039803504944,1.2218050622940064,4734.078394400011,6,100,1024
4,11.896157026290894,0.8355107069015503,8607.82181789402,21.971168756484985,1.6149970531463622,4660.653292273118,8,100,1024
5,11.452749967575073,0.9600101828575134,8941.084044435966,21.535252571105957,1.9587780046463013,4754.994150260908,10,100,1024
6,12.275084972381592,1.2085727095603942,8342.101112163016,24.870044946670532,2.590010221004486,4117.403093544017,12,100,1024
